Route,Location,Description,Graph Node
"Balmora, Guild of Mages",ajira,Coalesced Ajira questline with getting the BOBS in between + soul gems + alchemy training (35 points by making potions),mg_ajira_1
"Walk/Fly -> Balmora, Guild of Mages",,,
"Guild Guide -> Ald-ruhn, Guild of Mages",,,
"Walk/Fly -> Ald-ruhn, Guild of Mages",,,
"Ald-ruhn, Guild of Mages",edwinna elbert,"Edwinna's quests up until Nchuleftingth expedition, all done in one go (Dwemer tube stolen from Vorar Helas in Balmora, then Chimarvamidium, Skink and Huleen)",mg_edwinna_1
"Walk/Fly -> Ald-ruhn, Guild of Mages",,,
"Ald-ruhn, Guild of Mages",movis darys,Taunt and kill Movis Darys,mt_movis_darys
"Recall -> Balmora, Guild of Mages",,,
"Walk/Fly -> Balmora, Guild of Mages",,,
"Door -> West Gash Region, [-2,-1]",,,
"Walk/Fly -> Balmora, [-3,-2]",,,
"Door -> Balmora, Guild of Fighters",,,
"Walk/Fly -> Balmora, Guild of Fighters",,,
"Balmora, Guild of Fighters",eydis fire-eye,Join FG and start the Rats quest,fg_eydis_1_start
"Walk/Fly -> Balmora, Guild of Fighters",,,
"Door -> West Gash Region, [-2,-1]",,,
"Walk/Fly -> Balmora, [-3,-2]",,,
"Door -> Balmora, Drarayne Thelas' House",,,
"Walk/Fly -> Balmora, Drarayne Thelas' House",,,
"Balmora, Drarayne Thelas' House",drarayne thelas,Kill rats in the Storage,fg_eydis_1_do
"Recall -> Balmora, Guild of Mages",,,
"Walk/Fly -> Balmora, Guild of Mages",,,
"Door -> West Gash Region, [-2,-1]",,,
"Walk/Fly -> Ascadian Isles Region, [-4,-4]",,,
Door -> Shulk Egg Mine,,,
Walk/Fly -> Shulk Egg Mine,,,
"Door -> Shulk Egg Mine, Mining Camp",,,
"Walk/Fly -> Shulk Egg Mine, Mining Camp",,,
"Door -> Shulk Egg Mine, Queen's Lair",,,
"Walk/Fly -> Shulk Egg Mine, Queen's Lair",,,
"Shulk Egg Mine, Queen's Lair",Sevilo Othan,Kill egg poachers in Shulk,fg_kill_egg_poachers
"Almsivi Intervention -> Balmora, [-3,-2]",,,
"Walk/Fly -> Balmora, [-3,-2]",,,
"Door -> Balmora, Temple",,,
"Walk/Fly -> Balmora, Temple",,,
"Balmora, Temple",feldrelo sadri,Join the Temple,tt_join
"Recall -> Balmora, Guild of Mages",,,
"Walk/Fly -> Balmora, Guild of Mages",,,
"Guild Guide -> Vivec, Guild of Mages",,,
"Walk/Fly -> Vivec, Guild of Mages",,,
"Door -> Vivec, Foreign Quarter Plaza",,,
"Walk/Fly -> Vivec, Foreign Quarter Plaza",,,
"Door -> Vivec, Guild of Fighters",,,
"Walk/Fly -> Vivec, Guild of Fighters",,,
"Vivec, Guild of Fighters",lorbumol gro-aglakh,Get Juicedaw Ring quest,fg_lorbumol_1_get
"Recall -> Balmora, Guild of Mages",,,
"Walk/Fly -> Balmora, Guild of Mages",,,
"Guild Guide -> Caldera, Guild of Mages",,,
"Walk/Fly -> Caldera, Guild of Mages",,,
"Door -> West Gash Region, [-1,2]",,,
"Walk/Fly -> Caldera, [-2,2]",,,
"Door -> Caldera, Falanaamo: Clothier",,,
"Walk/Fly -> Caldera, Falanaamo: Clothier",,,
"Caldera, Falanaamo: Clothier",falanaamo,Buy red shirt from Falanaamo,ic_acquire_shirt
"Walk/Fly -> Caldera, Falanaamo: Clothier",,,
"Door -> West Gash Region, [-1,2]",,,
"Walk/Fly -> West Gash Region, [-3,2]",,,
"West Gash Region, [-3,2]",alveleg,"Train Block x10 (up to 25), Sneak x15 (up to 30), Marksman x15 (up to 45), should get Agi 60",training_alveleg
"Walk/Fly -> West Gash Region, [-3,2]",,,
Door -> Ashanammu,,,
Walk/Fly -> Ashanammu,,,
Ashanammu,Alynu Aralen,Kill Telvanni spies (make sure to train with Alveleg first),fg_kill_telvanni_spies
"Recall -> Balmora, Guild of Mages",,,
"Walk/Fly -> Balmora, Guild of Mages",,,
"Door -> West Gash Region, [-2,-1]",,,
"Walk/Fly -> Balmora, [-3,-2]",,,
"Door -> Balmora, Guild of Fighters",,,
"Walk/Fly -> Balmora, Guild of Fighters",,,
"Balmora, Guild of Fighters",eydis fire-eye,Hand in the Rats quest,fg_eydis_1_end
"Balmora, Guild of Fighters",eydis fire-eye,"Hand in the poachers/Telvanni quests, get Codebook",fg_eydis_3_get
"Walk/Fly -> Balmora, Guild of Fighters",,,
"Door -> West Gash Region, [-2,-1]",,,
"Walk/Fly -> Balmora, [-3,-2]",,,
"Door -> Balmora, South Wall Cornerclub",,,
"Walk/Fly -> Balmora, South Wall Cornerclub",,,
"Balmora, South Wall Cornerclub",sottilde,"Convince to give up codebook, then join TG before reporting",fg_eydis_3_do_and_join_tg
"Walk/Fly -> Balmora, South Wall Cornerclub",,,
"Door -> West Gash Region, [-2,-1]",,,
"Walk/Fly -> Balmora, [-3,-3]",,,
"Door -> Balmora, Dura gra-Bol's House",,,
"Walk/Fly -> Balmora, Dura gra-Bol's House",,,
"Balmora, Dura gra-Bol's House",dura gra-bol,Kill Dura Gra-Bol,fg_kill_dura
"Recall -> Balmora, Guild of Mages",,,
"Walk/Fly -> Balmora, Guild of Mages",,,
"Door -> West Gash Region, [-2,-1]",,,
"Walk/Fly -> Balmora, [-3,-2]",,,
"Door -> Balmora, Guild of Fighters",,,
"Walk/Fly -> Balmora, Guild of Fighters",,,
"Balmora, Guild of Fighters",eydis fire-eye,"Hand in Codebook, get Desele's debt",fg_eydis_3_end_4_get
"Walk/Fly -> Balmora, Guild of Fighters",,,
"Door -> West Gash Region, [-2,-1]",,,
"Walk/Fly -> Balmora, [-3,-2]",,,
"Door -> Balmora, Guild of Mages",,,
"Walk/Fly -> Balmora, Guild of Mages",,,
"Door -> West Gash Region, [-2,-1]",,,
"Walk/Fly -> Balmora, [-3,-3]",,,
"Door -> Balmora, Council Club",,,
"Walk/Fly -> Balmora, Council Club",,,
"Balmora, Council Club",sovor trandel,Taunt and kill Sovor Trandel to get Nerano Manor Key,tg_nerano_key
"Walk/Fly -> Balmora, Council Club",,,
"Balmora, Council Club",banor seran,Buy 5 Cyrodiilic Brandy from Banor Seran,ic_acquire_brandy
"Walk/Fly -> Balmora, Council Club",,,
"Door -> Balmora, [-2,-2]",,,
"Walk/Fly -> Balmora, [-3,-3]",,,
"Travel -> Bal Ur, [6,-5]",,,
"Walk/Fly -> Suran, [6,-7]",,,
"Door -> Suran, Desele's House of Earthly Delights",,,
"Walk/Fly -> Suran, Desele's House of Earthly Delights",,,
"Suran, Desele's House of Earthly Delights",helviane desele,Get money from Desele,fg_eydis_4_do
"Walk/Fly -> Suran, Desele's House of Earthly Delights",,,
"Door -> Suran, [6,-6]",,,
"Walk/Fly -> Molag Mar Region, [7,-6]",,,
Door -> Saturan,,,
Walk/Fly -> Saturan,,,
Saturan,jolgeir,Kill the 7 bandits in Saturan,fg_clear_saturan
"Divine Intervention -> Pelagiad, [0,-7]",,,
"Walk/Fly -> Pelagiad, [0,-8]",,,
Door -> Mannammu,,,
Walk/Fly -> Mannammu,,,
Mannammu,dovres verethi,Kill Dovres Verethi (end of Mannammu),fg_kill_verethi
"Almsivi Intervention -> Vivec, Temple, [4,-13]",,,
"Walk/Fly -> Vivec, St. Olms, [4,-12]",,,
"Door -> Vivec, St. Olms Underworks",,,
"Walk/Fly -> Vivec, St. Olms Underworks",,,
"Door -> Assernerairan, Shrine",,,
"Walk/Fly -> Assernerairan, Shrine",,,
"Assernerairan, Shrine",durus marius,Clear out the two shrines in Olms/Delyn canalworks and get key from Nads' body (Delyn South-Two),misc_olms_delyn
"Almsivi Intervention -> Vivec, Temple, [4,-13]",,,
"Walk/Fly -> Vivec, Temple, [3,-13]",,,
"Travel -> Vivec, [2,-10]",,,
"Walk/Fly -> Vivec, Hlaalu, [2,-11]",,,
"Door -> Vivec, Hlaalu Plaza",,,
"Walk/Fly -> Vivec, Hlaalu Plaza",,,
"Vivec, Hlaalu Plaza",nar gro-shagramph,Get ring from Nar,fg_lorbumol_1_do
"Recall -> Balmora, Guild of Mages",,,
"Walk/Fly -> Balmora, Guild of Mages",,,
"Guild Guide -> Vivec, Guild of Mages",,,
"Walk/Fly -> Vivec, Guild of Mages",,,
"Door -> Vivec, Foreign Quarter Plaza",,,
"Walk/Fly -> Vivec, Foreign Quarter Plaza",,,
"Door -> Vivec, Guild of Fighters",,,
"Walk/Fly -> Vivec, Guild of Fighters",,,
"Vivec, Guild of Fighters",lorbumol gro-aglakh,"Hand in Ring, get Tongue-Toad",fg_lorbumol_1_end_2_get
"Recall -> Balmora, Guild of Mages",,,
"Divine Intervention -> Moonmoth Legion Fort, [-1,-3]",,,
"Walk/Fly -> Ascadian Isles Region, [1,-4]",,,
Door -> Sarano Ancestral Tomb,,,
Walk/Fly -> Sarano Ancestral Tomb,,,
Sarano Ancestral Tomb,hunger_fghl,Kill the Hunger in Sarano tomb,fg_kill_hunger
Walk/Fly -> Sarano Ancestral Tomb,,,
"Door -> Molag Mar Region, [1,-3]",,,
"Walk/Fly -> Ascadian Isles Region, [2,-5]",,,
Door -> Alof's Farmhouse,,,
Walk/Fly -> Alof's Farmhouse,,,
Alof's Farmhouse,alof the easterner,"Collect Muck from a small island south, do Kummu pilgrimage",tt_7graces_kummu
Walk/Fly -> Alof's Farmhouse,,,
"Door -> Ascadian Isles Region, [2,-4]",,,
"Walk/Fly -> Molag Mar Region, [3,-3]",,,
"Door -> Ashunartes, Shrine",,,
"Walk/Fly -> Ashunartes, Shrine",,,
"Ashunartes, Shrine",burub gra-bamog,Kill the cult head (top floor),fg_kill_burub
"Recall -> Balmora, Guild of Mages",,,
"Walk/Fly -> Balmora, Guild of Mages",,,
"Guild Guide -> Ald-ruhn, Guild of Mages",,,
"Walk/Fly -> Ald-ruhn, Guild of Mages",,,
"Door -> Ashlands Region, [-1,6]",,,
"Walk/Fly -> Ald-ruhn, [-2,6]",,,
"Door -> Ald-ruhn, The Rat In The Pot",,,
"Walk/Fly -> Ald-ruhn, The Rat In The Pot",,,
"Ald-ruhn, The Rat In The Pot",aengoth,Get first Aengoth quest (looting the MG),tg_aengoth_1_get
"Walk/Fly -> Ald-ruhn, The Rat In The Pot",,,
"Ald-ruhn, The Rat In The Pot",tongue_toad,"Talk to Tongue-Toad, get him to leave town",fg_lorbumol_2_do
"Recall -> Balmora, Guild of Mages",,,
"Almsivi Intervention -> Balmora, [-3,-2]",,,
"Walk/Fly -> Balmora, [-3,-2]",,,
"Door -> Balmora, Hlaalo Manor",,,
"Walk/Fly -> Balmora, Hlaalo Manor",,,
"Balmora, Hlaalo Manor",ralen hlaalo,Get Brandy from near Ralen Hlaalo's body,tg_hlaalo_brandy
"Walk/Fly -> Balmora, Hlaalo Manor",,,
"Door -> West Gash Region, [-3,-1]",,,
"Walk/Fly -> Balmora, [-4,-2]",,,
"Door -> Balmora, Hlaalu Council Manor",,,
"Walk/Fly -> Balmora, Hlaalu Council Manor",,,
"Balmora, Hlaalu Council Manor",bolnor andrani,"Train Light Armor x15 (up to 30), Marksman x5 (up to 50), should get Agility 70",training_bolnor
"Walk/Fly -> Balmora, Hlaalu Council Manor",,,
"Balmora, Hlaalu Council Manor",nileno dorvayn,"Join Hlaalu, get Neminda's Orders",hh_nileno_1_get
"Recall -> Balmora, Guild of Mages",,,
"Walk/Fly -> Balmora, Guild of Mages",,,
"Door -> West Gash Region, [-2,-1]",,,
"Walk/Fly -> Balmora, [-3,-2]",,,
"Door -> Balmora, Guild of Fighters",,,
"Walk/Fly -> Balmora, Guild of Fighters",,,
"Balmora, Guild of Fighters",eydis fire-eye,"Hand in Desele's debt, get and hand in all remaining Eydis quests",fg_eydis_5
"Balmora, Guild of Fighters",eydis fire-eye,"Train Long Blade x20 (up to 40), Blunt x30 (up to 70), Strength 85",training_eydis
"Recall -> Balmora, Guild of Mages",,,
"Walk/Fly -> Balmora, Guild of Mages",,,
"Guild Guide -> Vivec, Guild of Mages",,,
"Walk/Fly -> Vivec, Guild of Mages",,,
"Door -> Vivec, Foreign Quarter Plaza",,,
"Walk/Fly -> Vivec, Foreign Quarter Plaza",,,
"Door -> Vivec, Guild of Fighters",,,
"Walk/Fly -> Vivec, Guild of Fighters",,,
"Vivec, Guild of Fighters",lorbumol gro-aglakh,Hand in Tongue-Toad,fg_lorbumol_2_end
"Walk/Fly -> Vivec, Guild of Fighters",,,
"Vivec, Guild of Fighters",sjoring hard-heart,Taunt and kill Lorbumol and Sjoring,fg_kill_lorbumol_and_sjoring
"Recall -> Balmora, Guild of Mages",,,
"Walk/Fly -> Balmora, Guild of Mages",,,
"Guild Guide -> Ald-ruhn, Guild of Mages",,,
"Walk/Fly -> Ald-ruhn, Guild of Mages",,,
"Door -> Ashlands Region, [-1,6]",,,
"Walk/Fly -> Ald-ruhn, [-2,6]",,,
"Door -> Ald-ruhn, Guild of Fighters",,,
"Walk/Fly -> Ald-ruhn, Guild of Fighters",,,
"Ald-ruhn, Guild of Fighters",persius mercius,Get Vas Necromancer quest,fg_persius_1_get
"Walk/Fly -> Ald-ruhn, Guild of Fighters",,,
"Door -> Ashlands Region, [-1,6]",,,
"Walk/Fly -> Ald-ruhn, [-3,6]",,,
"Travel -> Ashlands Region, [-2,12]",,,
"Walk/Fly -> Falasmaryon, [-2,15]",,,
"Door -> Falasmaryon, Missun Akin's Hut",,,
"Walk/Fly -> Falasmaryon, Missun Akin's Hut",,,
"Falasmaryon, Missun Akin's Hut",missun akin,Train Marksman x30 (up to 80),training_missun
"Walk/Fly -> Falasmaryon, Missun Akin's Hut",,,
"Door -> Ashlands Region, [-1,15]",,,
"Walk/Fly -> Vas, [0,22]",,,
"Door -> Vas, Entry Level",,,
"Walk/Fly -> Vas, Entry Level",,,
"Door -> Vas, Tower",,,
"Walk/Fly -> Vas, Tower",,,
"Vas, Tower",daris adram,Kill the necromancer,fg_kill_necro
"Walk/Fly -> Vas, Tower",,,
"Door -> Vas, Entry Level",,,
"Walk/Fly -> Vas, Entry Level",,,
"Door -> Vas, [0,22]",,,
"Walk/Fly -> Vas, [0,22]",,,
"Vas, [0,22]",ulyne henim,"Talk to Ulyne, report necromancer dead",fg_persius_1_do
"Walk/Fly -> Sheogorad, [-1,20]",,,
Door -> Sargon,,,
Walk/Fly -> Sargon,,,
Sargon,nerer beneran,Kill Nerer Beneran,fg_kill_beneran
Walk/Fly -> Sargon,,,
"Door -> Sheogorad, [0,20]",,,
"Walk/Fly -> Sheogorad, [-3,20]",,,
Door -> Assumanu,,,
Walk/Fly -> Assumanu,,,
Assumanu,varona nelas,"Kill Varona Nelas, get Ilmeni's Glove",il_kill_varona_nelas
Walk/Fly -> Assumanu,,,
"Door -> Sheogorad, [-2,20]",,,
"Walk/Fly -> Ald Redaynia, [-4,21]",,,
"Door -> Ald Redaynia, Tower",,,
"Walk/Fly -> Ald Redaynia, Tower",,,
"Ald Redaynia, Tower",skeleton_aldredaynia,Get the Bitter Cup,tg_bittercup
"Divine Intervention -> Gnisis, [-10,11]",,,
"Walk/Fly -> Koal Cave Entrance, [-11,9]",,,
Door -> Koal Cave,,,
Walk/Fly -> Koal Cave,,,
Koal Cave,ac_shrine_koalcave,Do Koal Cave (Dreugh Wax taken from Caldera where we stole the alchemy set),tt_7graces_gnisis_koal
Walk/Fly -> Koal Cave,,,
"Door -> Berandas, [-10,9]",,,
"Walk/Fly -> Berandas, [-10,9]",,,
"Door -> Berandas, Keep, Top Level",,,
"Walk/Fly -> Berandas, Keep, Top Level",,,
"Door -> Berandas, Keep, Bottom Level",,,
"Walk/Fly -> Berandas, Keep, Bottom Level",,,
"Door -> Berandas, Underground",,,
"Walk/Fly -> Berandas, Underground",,,
"Berandas, Underground",Ama Nin_DisguiseMara,"Get Boots of the Apostle, save Ama Nin",ic_boots
"Recall -> Balmora, Guild of Mages",,,
"Walk/Fly -> Balmora, Guild of Mages",,,
"Guild Guide -> Ald-ruhn, Guild of Mages",,,
"Walk/Fly -> Ald-ruhn, Guild of Mages",,,
"Ald-ruhn, Guild of Mages",edwinna elbert,Steal Tanto and Withershins for a future quest,tg_aengoth_1_mg_loot
"Walk/Fly -> Ald-ruhn, Guild of Mages",,,
"Door -> Ashlands Region, [-1,6]",,,
"Walk/Fly -> Ald-ruhn, [-2,6]",,,
"Door -> Ald-ruhn, Guild of Fighters",,,
"Walk/Fly -> Ald-ruhn, Guild of Fighters",,,
"Ald-ruhn, Guild of Fighters",persius mercius,"Hand in Vas Necromancer and Beneran Bounty, get Avon's quest",fg_persius_3_get
"Recall -> Balmora, Guild of Mages",,,
"Walk/Fly -> Balmora, Guild of Mages",,,
"Door -> West Gash Region, [-2,-1]",,,
"Walk/Fly -> Balmora, [-3,-3]",,,
"Door -> Balmora, Council Club",,,
"Walk/Fly -> Balmora, Council Club",,,
"Balmora, Council Club",thanelen velas,Taunt and kill Thanelen Velas (Hlaalo murderer),hh_thanelen
"Walk/Fly -> Balmora, Council Club",,,
"Door -> Balmora, [-2,-2]",,,
"Walk/Fly -> Balmora, [-3,-3]",,,
"Travel -> Bal Ur, [6,-5]",,,
"Walk/Fly -> Suran, [6,-7]",,,
"Door -> Suran, Oran Manor",,,
"Walk/Fly -> Suran, Oran Manor",,,
"Suran, Oran Manor",avon oran,"Talk to Avon, get Saturan quest",fg_persius_3_avon
"Suran, Oran Manor",avon oran,Report Saturan done to Avon,fg_persius_3_end
"Recall -> Balmora, Guild of Mages",,,
"Walk/Fly -> Balmora, Guild of Mages",,,
"Door -> West Gash Region, [-2,-1]",,,
"Walk/Fly -> Balmora, [-3,-3]",,,
"Travel -> Ald-ruhn, [-2,6]",,,
"Walk/Fly -> Ald-ruhn, [-3,6]",,,
"Travel -> West Gash Region, [-10,10]",,,
"Almsivi Intervention -> Gnisis, [-11,11]",,,
"Walk/Fly -> Gnisis, [-11,11]",,,
"Door -> Gnisis, Temple",,,
"Walk/Fly -> Gnisis, Temple",,,
"Gnisis, Temple",misc_vivec_ashmask_01,Do Ash Mask (buy potion from the Temple)). Get Vivec's Touch spell,tt_7graces_gnisis_ashmask
"Recall -> Balmora, Guild of Mages",,,
"Walk/Fly -> Balmora, Guild of Mages",,,
"Guild Guide -> Ald-ruhn, Guild of Mages",,,
"Walk/Fly -> Ald-ruhn, Guild of Mages",,,
"Door -> Ashlands Region, [-1,6]",,,
"Walk/Fly -> Ald-ruhn, [-2,6]",,,
"Door -> Ald-ruhn, Guild of Fighters",,,
"Walk/Fly -> Ald-ruhn, Guild of Fighters",,,
"Ald-ruhn, Guild of Fighters",persius mercius,"Hand in Saturan, get Flin for Elith-Pal mine",fg_persius_4_get
"Walk/Fly -> Ald-ruhn, Guild of Fighters",,,
"Door -> Ashlands Region, [-1,6]",,,
"Walk/Fly -> Ald-ruhn, [-3,6]",,,
"Travel -> Ashlands Region, [-2,12]",,,
"Walk/Fly -> West Gash Region, [-6,13]",,,
"Door -> Maelkashishi, Shrine",,,
"Walk/Fly -> Maelkashishi, Shrine",,,
"Maelkashishi, Shrine",bulfim_gra_shugarz,Cure the Orc in the shrine with Vivec's Touch spell,tt_cure_orc
"Almsivi Intervention -> Gnisis, [-11,11]",,,
"Walk/Fly -> Gnisis, [-11,11]",,,
"Door -> Gnisis, Madach Tradehouse",,,
"Walk/Fly -> Gnisis, Madach Tradehouse",,,
"Gnisis, Madach Tradehouse",general darius,"Join IL, get Land Deed",il_darius_1_get
"Divine Intervention -> Gnisis, [-10,11]",,,
"Walk/Fly -> Gnisis, [-10,11]",,,
"Door -> Gnisis, Eggmine",,,
"Walk/Fly -> Gnisis, Eggmine",,,
"Door -> Gnisis, Lower Eggmine",,,
"Walk/Fly -> Gnisis, Lower Eggmine",,,
"Gnisis, Lower Eggmine",lugrub gro-ogdum,"Kill Lugrub and get his axe as proof, cure the Queen",il_darius_1_do
"Gnisis, Lower Eggmine",lugrub gro-ogdum,Get airship plans,mg_edwinna_airship_plans
"Almsivi Intervention -> Gnisis, [-11,11]",,,
"Walk/Fly -> Gnisis, [-11,11]",,,
"Door -> Gnisis, Madach Tradehouse",,,
"Walk/Fly -> Gnisis, Madach Tradehouse",,,
"Gnisis, Madach Tradehouse",general darius,Get the Kwama Queen Cure quest,il_darius_1_end_2_get
"Divine Intervention -> Gnisis, [-10,11]",,,
"Walk/Fly -> Gnisis, [-10,11]",,,
"Door -> Gnisis, Eggmine",,,
"Walk/Fly -> Gnisis, Eggmine",,,
"Door -> Gnisis, Lower Eggmine",,,
"Walk/Fly -> Gnisis, Lower Eggmine",,,
"Gnisis, Lower Eggmine",lugrub gro-ogdum,Have to go back to the Eggmine to verify Queen has been cured,il_darius_2_do
"Almsivi Intervention -> Gnisis, [-11,11]",,,
"Walk/Fly -> West Gash Region, [-11,14]",,,
"Door -> Aidanat Camp, Abassel's Yurt",,,
"Walk/Fly -> Aidanat Camp, Abassel's Yurt",,,
"Aidanat Camp, Abassel's Yurt",madura seran,Kill the Ashlanders and escort Madura Seran to Ald Velothi Outpost (+5 Temple/IL rep),il_madura_seran
"Walk/Fly -> Aidanat Camp, Abassel's Yurt",,,
"Door -> West Gash Region, [-10,14]",,,
"Walk/Fly -> West Gash Region, [-12,13]",,,
"West Gash Region, [-12,13]",tavynu tedran,Get Amulet of Shadows,misc_amulet_of_shadows
"Walk/Fly -> West Gash Region, [-15,14]",,,
"Door -> Yasammidan, Shrine",,,
"Walk/Fly -> Yasammidan, Shrine",,,
"Yasammidan, Shrine",anel rethelas,Kill Anel Rethelas + Mindeli Saren for a total of 2 Sanguine items,mt_yasammidan
"Almsivi Intervention -> Gnisis, [-11,11]",,,
"Walk/Fly -> Gnisis, [-11,11]",,,
"Door -> Gnisis, Madach Tradehouse",,,
"Walk/Fly -> Gnisis, Madach Tradehouse",,,
"Gnisis, Madach Tradehouse",general darius,"Get and hand in Madura Seran quest, get Taxman quest",il_darius_2_end_3_get
"Almsivi Intervention -> Gnisis, [-11,11]",,,
"Walk/Fly -> Gnisis, [-11,11]",,,
"Door -> Gnisis, Arvs-Drelen",,,
"Walk/Fly -> Gnisis, Arvs-Drelen",,,
"Gnisis, Arvs-Drelen",ragash gra-shuzgub,"Free the taxman, get Raw Ebony from a nearby crate for a future TG quest",il_darius_3_do
"Recall -> Balmora, Guild of Mages",,,
"Walk/Fly -> Balmora, Guild of Mages",,,
"Guild Guide -> Sadrith Mora, Wolverine Hall: Mage's Guild",,,
"Almsivi Intervention -> Molag Mar, [13,-8]",,,
"Walk/Fly -> Molag Mar, [13,-8]",,,
"Travel -> Azura's Coast Region, [14,-12]",,,
"Walk/Fly -> Tel Branora, [14,-13]",,,
"Travel -> Sadrith Mora, [17,4]",,,
"Walk/Fly -> Sadrith Mora, [17,4]",,,
"Travel -> Tel Mora, [13,14]",,,
"Walk/Fly -> Tel Mora, [13,14]",,,
"Tel Mora, [13,14]",lette,Cure Lette,tt_cure_lette
"Walk/Fly -> Tel Mora, [13,14]",,,
"Door -> Tel Mora, Berwen: Trader",,,
"Walk/Fly -> Tel Mora, Berwen: Trader",,,
"Tel Mora, Berwen: Trader",berwen,Buy/steal retort from Berwen,tg_helende_retort
"Walk/Fly -> Tel Mora, Berwen: Trader",,,
"Door -> Tel Mora, [13,14]",,,
"Walk/Fly -> Tel Mora, [13,14]",,,
"Travel -> Tel Aruhn, [15,5]",,,
"Walk/Fly -> Grazelands Region, [11,5]",,,
Door -> Nammu,,,
Walk/Fly -> Nammu,,,
Nammu,galmis dren,Get Ring of the Wind,ic_ring
Walk/Fly -> Nammu,,,
"Door -> Grazelands Region, [11,5]",,,
"Walk/Fly -> Ashlands Region, [7,10]",,,
Door -> Elith-Pal Mine,,,
Walk/Fly -> Elith-Pal Mine,,,
Elith-Pal Mine,dangor,Hand in the Flin,fg_persius_4_do
"Almsivi Intervention -> Ald-ruhn, [-2,6]",,,
"Walk/Fly -> Ald-ruhn, [-2,6]",,,
"Door -> Ald-ruhn, Drinar Varyon's House",,,
"Walk/Fly -> Ald-ruhn, Drinar Varyon's House",,,
"Ald-ruhn, Drinar Varyon's House",drinar varyon,Steal the Dwemer Tube from Drinar Varyon,il_drinar_tube
"Walk/Fly -> Ald-ruhn, Drinar Varyon's House",,,
"Door -> Ashlands Region, [-1,6]",,,
"Walk/Fly -> Ald-ruhn, [-2,7]",,,
"Door -> Ald-ruhn, Manor District",,,
"Walk/Fly -> Ald-ruhn, Manor District",,,
"Door -> Ald-ruhn, Redoran Council Entrance",,,
"Walk/Fly -> Ald-ruhn, Redoran Council Entrance",,,
"Ald-ruhn, Redoran Council Entrance",neminda,Do Neminda's orders (wear the helmet),hh_nileno_1_do
"Ald-ruhn, Redoran Council Entrance",neminda,"Go through Ald Skar and get the Master Helm, Boethiah's Pillow Book (Arobar Manor), Recipe Book, Darts (Llethri Manor) and buy 5x Dwemer Scrap Metal",tg_aengoth_2_redoran_loot
"Almsivi Intervention -> Ald-ruhn, [-2,6]",,,
"Walk/Fly -> Ald-ruhn, [-2,6]",,,
"Door -> Ald-ruhn, The Rat In The Pot",,,
"Walk/Fly -> Ald-ruhn, The Rat In The Pot",,,
"Ald-ruhn, The Rat In The Pot",aengoth,Get and instantly hand in all remaining Aengoth quests,tg_aengoth_2
"Recall -> Balmora, Guild of Mages",,,
"Walk/Fly -> Balmora, Guild of Mages",,,
"Guild Guide -> Sadrith Mora, Wolverine Hall: Mage's Guild",,,
"Divine Intervention -> Wolverine Hall, [18,3]",,,
"Walk/Fly -> Wolverine Hall, [18,3]",,,
"Door -> Sadrith Mora, Dirty Muriel's Cornerclub",,,
"Walk/Fly -> Sadrith Mora, Dirty Muriel's Cornerclub",,,
"Sadrith Mora, Dirty Muriel's Cornerclub",big helende,Get the Recipes quest from Helende,tg_helende_1_get
"Walk/Fly -> Sadrith Mora, Dirty Muriel's Cornerclub",,,
"Door -> Wolverine Hall, [18,3]",,,
"Walk/Fly -> Azura's Coast Region, [20,4]",,,
Door -> Omaren Ancestral Tomb,,,
Walk/Fly -> Omaren Ancestral Tomb,,,
"Door -> Forgotten Vaults of Anudnabia, Forge of Hilbongard",,,
"Walk/Fly -> Forgotten Vaults of Anudnabia, Forge of Hilbongard",,,
"Forgotten Vaults of Anudnabia, Forge of Hilbongard",com_chest_Daed_crusher,Get Skull-Crusher,ic_skullcrusher
"Divine Intervention -> Wolverine Hall, [18,3]",,,
"Walk/Fly -> Wolverine Hall, [18,3]",,,
"Door -> Sadrith Mora, Wolverine Hall",,,
"Walk/Fly -> Sadrith Mora, Wolverine Hall",,,
"Door -> Wolverine Hall, [18,3]",,,
"Walk/Fly -> Wolverine Hall, [18,3]",,,
"Door -> Sadrith Mora, Wolverine Hall",,,
"Walk/Fly -> Sadrith Mora, Wolverine Hall",,,
"Door -> Wolverine Hall, [18,3]",,,
"Walk/Fly -> Sadrith Mora, [18,4]",,,
"Door -> Sadrith Mora, Anis Seloth: Alchemist",,,
"Walk/Fly -> Sadrith Mora, Anis Seloth: Alchemist",,,
"Sadrith Mora, Anis Seloth: Alchemist",anis seloth,Steal the recipes,tg_helende_recipes
"Divine Intervention -> Wolverine Hall, [18,3]",,,
"Walk/Fly -> Wolverine Hall, [18,3]",,,
"Door -> Sadrith Mora, Dirty Muriel's Cornerclub",,,
"Walk/Fly -> Sadrith Mora, Dirty Muriel's Cornerclub",,,
"Sadrith Mora, Dirty Muriel's Cornerclub",big helende,"Hand in Recipes, get and hand in Retort, get the Protection quest",tg_helende_1_end_2_get
"Divine Intervention -> Wolverine Hall, [18,3]",,,
"Walk/Fly -> Wolverine Hall, [18,3]",,,
"Door -> Sadrith Mora, Wolverine Hall: Imperial Shrine",,,
"Walk/Fly -> Sadrith Mora, Wolverine Hall: Imperial Shrine",,,
"Door -> Sadrith Mora, Wolverine Hall",,,
"Walk/Fly -> Sadrith Mora, Wolverine Hall",,,
"Door -> Sadrith Mora, Wolverine Hall: Mage's Guild",,,
"Walk/Fly -> Sadrith Mora, Wolverine Hall: Mage's Guild",,,
"Sadrith Mora, Wolverine Hall: Mage's Guild",arielle phiencel,"Talk to Arielle Phiencel about protection, bribe her with ebony from Arvs-Drelen",tg_helende_guard
"Almsivi Intervention -> Molag Mar, [13,-8]",,,
"Walk/Fly -> Molag Mar, [13,-8]",,,
"Travel -> Bitter Coast Region, [-5,-4]",,,
"Walk/Fly -> Hla Oad, [-6,-5]",,,
"Door -> Hla Oad, Fatleg's Drop Off",,,
"Walk/Fly -> Hla Oad, Fatleg's Drop Off",,,
"Hla Oad, Fatleg's Drop Off",ra'zhid,Steal Dwemer artifacts from Ra'Zhid,tg_razhid_artifacts
"Walk/Fly -> Hla Oad, Fatleg's Drop Off",,,
"Door -> Bitter Coast Region, [-5,-4]",,,
"Walk/Fly -> Hla Oad, [-6,-5]",,,
"Travel -> Bitter Coast Region, [-7,3]",,,
"Walk/Fly -> Bitter Coast Region, [-7,2]",,,
Door -> Abernanit,,,
Walk/Fly -> Abernanit,,,
Abernanit,Dandsa,"Kill Dandsa instead of escorting her, kill two breeding netch NE of Gnaar Mok",il_dandsa_netch
"Recall -> Balmora, Guild of Mages",,,
"Walk/Fly -> Balmora, Guild of Mages",,,
"Door -> West Gash Region, [-2,-1]",,,
"Walk/Fly -> Balmora, [-3,-2]",,,
"Door -> Balmora, South Wall Cornerclub",,,
"Walk/Fly -> Balmora, South Wall Cornerclub",,,
"Balmora, South Wall Cornerclub",habasi,"Do the first 4 Habasi quests (diamond, Nerano key, RaZhid's Artifacts, Brandy)",tg_habasi_1
"Balmora, South Wall Cornerclub",habasi,Get Free Bragor quest,tg_habasi_2_get
"Recall -> Balmora, Guild of Mages",,,
"Walk/Fly -> Balmora, Guild of Mages",,,
"Door -> West Gash Region, [-2,-1]",,,
"Walk/Fly -> Balmora, [-3,-3]",,,
"Travel -> Ascadian Isles Region, [-1,-8]",,,
"Divine Intervention -> Pelagiad, [0,-7]",,,
"Walk/Fly -> Pelagiad, [0,-7]",,,
"Door -> Pelagiad, South Wall",,,
"Walk/Fly -> Pelagiad, South Wall",,,
"Door -> Pelagiad, Fort Pelagiad",,,
"Walk/Fly -> Pelagiad, Fort Pelagiad",,,
"Pelagiad, Fort Pelagiad",shadbak gra-burbug,Buy Coherer in Pelagiad and blackmail the Orc,tg_habasi_2_do
"Almsivi Intervention -> Vivec, Temple, [4,-13]",,,
"Walk/Fly -> Vivec, Temple, [4,-13]",,,
"Door -> Vivec, High Fane",,,
"Walk/Fly -> Vivec, High Fane",,,
"Vivec, High Fane",tholer saryoni,"Break into Tholer's quarters, talk to him about bad daedra and then Four Corners, start First Corner",tt_saryoni_fourcorners_1
"Recall -> Balmora, Guild of Mages",,,
"Walk/Fly -> Balmora, Guild of Mages",,,
"Door -> West Gash Region, [-2,-1]",,,
"Walk/Fly -> Balmora, [-4,-2]",,,
"Door -> Balmora, Hlaalu Council Manor",,,
"Walk/Fly -> Balmora, Hlaalu Council Manor",,,
"Balmora, Hlaalu Council Manor",nileno dorvayn,Get Aurane's Recipes,hh_nileno_2_get
"Recall -> Balmora, Guild of Mages",,,
"Walk/Fly -> Balmora, Guild of Mages",,,
"Door -> West Gash Region, [-2,-1]",,,
"Walk/Fly -> Balmora, [-3,-2]",,,
"Door -> Balmora, South Wall Cornerclub",,,
"Walk/Fly -> Balmora, South Wall Cornerclub",,,
"Balmora, South Wall Cornerclub",habasi,"Get quest, talk to the High Elf on the same side of the river and get him to protect TG",tg_habasi_2_end_3_do
"Recall -> Balmora, Guild of Mages",,,
"Walk/Fly -> Balmora, Guild of Mages",,,
"Guild Guide -> Sadrith Mora, Wolverine Hall: Mage's Guild",,,
"Divine Intervention -> Wolverine Hall, [18,3]",,,
"Walk/Fly -> Wolverine Hall, [18,3]",,,
"Door -> Sadrith Mora, Dirty Muriel's Cornerclub",,,
"Walk/Fly -> Sadrith Mora, Dirty Muriel's Cornerclub",,,
"Sadrith Mora, Dirty Muriel's Cornerclub",big helende,"Hand in the Protection quest, get and hand in Redoran Recipe book",tg_helende_3
"Recall -> Balmora, Guild of Mages",,,
"Walk/Fly -> Balmora, Guild of Mages",,,
"Guild Guide -> Vivec, Guild of Mages",,,
"Walk/Fly -> Vivec, Guild of Mages",,,
"Door -> Vivec, Foreign Quarter Plaza",,,
"Walk/Fly -> Vivec, Foreign Quarter Plaza",,,
"Door -> Vivec, [3,-9]",,,
"Walk/Fly -> Vivec, Foreign Quarter, [3,-10]",,,
"Door -> Vivec, Foreign Quarter Upper Waistworks",,,
"Walk/Fly -> Vivec, Foreign Quarter Upper Waistworks",,,
"Door -> Vivec, Foreign Quarter Lower Waistworks",,,
"Walk/Fly -> Vivec, Foreign Quarter Lower Waistworks",,,
"Door -> Vivec, Foreign Quarter Canalworks",,,
"Walk/Fly -> Vivec, Foreign Quarter Canalworks",,,
"Door -> Vivec, Simine Fralinie: Bookseller",,,
"Walk/Fly -> Vivec, Simine Fralinie: Bookseller",,,
"Door -> Vivec, Simine Fralinie: Bookseller",,,
"Walk/Fly -> Vivec, Simine Fralinie: Bookseller",,,
"Vivec, Simine Fralinie: Bookseller",stacey,"Talk to Jim, get promoted to Captain, get and hand in the Nads quest",tg_jim_1
"Vivec, Simine Fralinie: Bookseller",stacey,Get Speak to Persius quest,tg_jim_2_get
"Recall -> Balmora, Guild of Mages",,,
"Walk/Fly -> Balmora, Guild of Mages",,,
"Guild Guide -> Ald-ruhn, Guild of Mages",,,
"Walk/Fly -> Ald-ruhn, Guild of Mages",,,
"Door -> Ashlands Region, [-1,6]",,,
"Walk/Fly -> Ald-ruhn, [-2,6]",,,
"Door -> Ald-ruhn, Guild of Fighters",,,
"Walk/Fly -> Ald-ruhn, Guild of Fighters",,,
"Ald-ruhn, Guild of Fighters",persius mercius,Speak to Persius for Stacey,tg_jim_2_do
"Recall -> Balmora, Guild of Mages",,,
"Walk/Fly -> Balmora, Guild of Mages",,,
"Guild Guide -> Vivec, Guild of Mages",,,
"Walk/Fly -> Vivec, Guild of Mages",,,
"Door -> Vivec, Foreign Quarter Plaza",,,
"Walk/Fly -> Vivec, Foreign Quarter Plaza",,,
"Door -> Vivec, [3,-9]",,,
"Walk/Fly -> Vivec, Foreign Quarter, [3,-10]",,,
"Door -> Vivec, Foreign Quarter Lower Waistworks",,,
"Walk/Fly -> Vivec, Foreign Quarter Lower Waistworks",,,
"Door -> Vivec, Aurane Frernis: Apothecary",,,
"Walk/Fly -> Vivec, Aurane Frernis: Apothecary",,,
"Vivec, Aurane Frernis: Apothecary",aurane frernis,Steal Aurane's Recipes,hh_nileno_2_do
"Walk/Fly -> Vivec, Aurane Frernis: Apothecary",,,
"Door -> Vivec, Foreign Quarter Lower Waistworks",,,
"Walk/Fly -> Vivec, Foreign Quarter Lower Waistworks",,,
"Door -> Vivec, Foreign Quarter Canalworks",,,
"Walk/Fly -> Vivec, Foreign Quarter Canalworks",,,
"Door -> Vivec, Simine Fralinie: Bookseller",,,
"Walk/Fly -> Vivec, Simine Fralinie: Bookseller",,,
"Door -> Vivec, Simine Fralinie: Bookseller",,,
"Walk/Fly -> Vivec, Simine Fralinie: Bookseller",,,
"Vivec, Simine Fralinie: Bookseller",stacey,"Hand in Persius, get Bitter Cup quest",tg_jim_2_end_3_get
"Recall -> Balmora, Guild of Mages",,,
"Walk/Fly -> Balmora, Guild of Mages",,,
"Door -> West Gash Region, [-2,-1]",,,
"Walk/Fly -> Balmora, [-4,-2]",,,
"Door -> Balmora, Hlaalu Council Manor",,,
"Walk/Fly -> Balmora, Hlaalu Council Manor",,,
"Balmora, Hlaalu Council Manor",nileno dorvayn,"Hand in Aurane's Recipes, get Inanius Queen",hh_nileno_3_get
"Recall -> Balmora, Guild of Mages",,,
"Walk/Fly -> Balmora, Guild of Mages",,,
"Door -> West Gash Region, [-2,-1]",,,
"Walk/Fly -> Balmora, [-3,-3]",,,
"Travel -> Bal Ur, [6,-5]",,,
"Walk/Fly -> Suran, [6,-7]",,,
"Door -> Suran, Oran Manor",,,
"Walk/Fly -> Suran, Oran Manor",,,
"Suran, Oran Manor",avon oran,Blackmail Avon into giving you money not to kill Inanius Queen,hh_nileno_3_do
"Walk/Fly -> Suran, Oran Manor",,,
"Door -> Suran, [6,-6]",,,
"Walk/Fly -> Molag Mar Region, [7,-7]",,,
Door -> Inanius Egg Mine,,,
Walk/Fly -> Inanius Egg Mine,,,
Inanius Egg Mine,Kwama Queen_HHEM,Kill the queen anyway for extra rep,hh_nileno_3_do_kill
"Recall -> Balmora, Guild of Mages",,,
"Divine Intervention -> Moonmoth Legion Fort, [-1,-3]",,,
"Walk/Fly -> Moonmoth Legion Fort, [-1,-3]",,,
"Door -> Moonmoth Legion Fort, Interior",,,
"Walk/Fly -> Moonmoth Legion Fort, Interior",,,
"Moonmoth Legion Fort, Interior",radd hard-heart,"Get and hand in Dwemer Metal (got either in Ald-Ruhn or from Nalcarya), Get Jocien rescue quest",il_radd_1_get
"Recall -> Balmora, Guild of Mages",,,
"Walk/Fly -> Balmora, Guild of Mages",,,
"Door -> West Gash Region, [-2,-1]",,,
"Walk/Fly -> Balmora, [-4,-2]",,,
"Door -> Balmora, Hlaalu Council Manor",,,
"Walk/Fly -> Balmora, Hlaalu Council Manor",,,
"Balmora, Hlaalu Council Manor",nileno dorvayn,"Hand in Inanius, get Guar Skins",hh_nileno_4_get
"Recall -> Balmora, Guild of Mages",,,
"Walk/Fly -> Balmora, Guild of Mages",,,
"Door -> West Gash Region, [-2,-1]",,,
"Walk/Fly -> Balmora, [-3,-2]",,,
"Door -> Balmora, Guild of Fighters",,,
"Walk/Fly -> Balmora, Guild of Fighters",,,
"Balmora, Guild of Fighters",eydis fire-eye,Give the Bitter Cup to Eydis,tg_jim_3_do
"Recall -> Balmora, Guild of Mages",,,
"Walk/Fly -> Balmora, Guild of Mages",,,
"Guild Guide -> Vivec, Guild of Mages",,,
"Walk/Fly -> Vivec, Guild of Mages",,,
"Door -> Vivec, Foreign Quarter Plaza",,,
"Walk/Fly -> Vivec, Foreign Quarter Plaza",,,
"Door -> Vivec, [3,-9]",,,
"Walk/Fly -> Vivec, Foreign Quarter, [3,-10]",,,
"Door -> Vivec, Foreign Quarter Upper Waistworks",,,
"Walk/Fly -> Vivec, Foreign Quarter Upper Waistworks",,,
"Vivec, Foreign Quarter Upper Waistworks",rolasa oren,Convince Rolasa to buy skins from Hlaalu,hh_nileno_4_do
"Walk/Fly -> Vivec, Foreign Quarter Upper Waistworks",,,
"Door -> Vivec, Foreign Quarter Lower Waistworks",,,
"Walk/Fly -> Vivec, Foreign Quarter Lower Waistworks",,,
"Door -> Vivec, Foreign Quarter Canalworks",,,
"Walk/Fly -> Vivec, Foreign Quarter Canalworks",,,
"Door -> Vivec, Simine Fralinie: Bookseller",,,
"Walk/Fly -> Vivec, Simine Fralinie: Bookseller",,,
"Door -> Vivec, Simine Fralinie: Bookseller",,,
"Walk/Fly -> Vivec, Simine Fralinie: Bookseller",,,
"Vivec, Simine Fralinie: Bookseller",stacey,Hand in Bitter Cup quest,tg_jim_3_end_4_get
"Almsivi Intervention -> Vivec, Temple, [4,-13]",,,
"Walk/Fly -> Vivec, Temple, [3,-13]",,,
"Travel -> Vivec, [2,-10]",,,
"Walk/Fly -> Vivec, Hlaalu, [2,-11]",,,
"Door -> Vivec, Hlaalu Plaza",,,
"Walk/Fly -> Vivec, Hlaalu Plaza",,,
"Door -> Vivec, Curio Manor",,,
"Walk/Fly -> Vivec, Curio Manor",,,
"Vivec, Curio Manor",crassius curio,"Talk to Crassius, become Kinsman and start Helvi questline",hh_crassius_1
"Recall -> Balmora, Guild of Mages",,,
"Walk/Fly -> Balmora, Guild of Mages",,,
"Guild Guide -> Caldera, Guild of Mages",,,
"Walk/Fly -> Caldera, Guild of Mages",,,
"Door -> West Gash Region, [-1,2]",,,
"Walk/Fly -> Caldera, [-2,2]",,,
"Door -> Caldera, Governor's Hall",,,
"Walk/Fly -> Caldera, Governor's Hall",,,
"Caldera, Governor's Hall",odral helvi,Get Sealed Orders,hh_helvi_1_get
"Recall -> Balmora, Guild of Mages",,,
"Walk/Fly -> Balmora, Guild of Mages",,,
"Door -> West Gash Region, [-2,-1]",,,
"Walk/Fly -> Balmora, [-4,-2]",,,
"Door -> Balmora, Hlaalu Council Manor",,,
"Walk/Fly -> Balmora, Hlaalu Council Manor",,,
"Balmora, Hlaalu Council Manor",falvel arenim,Train Mercantile x10 (should get Personality 35),training_falvel
"Walk/Fly -> Balmora, Hlaalu Council Manor",,,
"Balmora, Hlaalu Council Manor",nileno dorvayn,"Hand in Guar Skins, get Bivale Orders quest",hh_nileno_5_get
"Recall -> Balmora, Guild of Mages",,,
"Walk/Fly -> Balmora, Guild of Mages",,,
"Guild Guide -> Vivec, Guild of Mages",,,
"Walk/Fly -> Vivec, Guild of Mages",,,
"Door -> Vivec, Foreign Quarter Plaza",,,
"Walk/Fly -> Vivec, Foreign Quarter Plaza",,,
"Door -> Vivec, [3,-9]",,,
"Walk/Fly -> Vivec, Hlaalu, [2,-11]",,,
"Door -> Vivec, Hlaalu Plaza",,,
"Walk/Fly -> Vivec, Hlaalu Plaza",,,
"Door -> Vivec, Curio Manor",,,
"Walk/Fly -> Vivec, Curio Manor",,,
"Vivec, Curio Manor",crassius curio,Give Sealed Orders to Curio,hh_helvi_1_do
"Recall -> Balmora, Guild of Mages",,,
"Walk/Fly -> Balmora, Guild of Mages",,,
"Guild Guide -> Ald-ruhn, Guild of Mages",,,
"Walk/Fly -> Ald-ruhn, Guild of Mages",,,
"Door -> Ashlands Region, [-1,6]",,,
"Walk/Fly -> Ald-ruhn, [-2,6]",,,
"Door -> Ald-ruhn, Guild of Fighters",,,
"Walk/Fly -> Ald-ruhn, Guild of Fighters",,,
"Ald-ruhn, Guild of Fighters",persius mercius,Get and pass the final two quests with Persius,fg_master
"Recall -> Balmora, Guild of Mages",,,
"Walk/Fly -> Balmora, Guild of Mages",,,
"Guild Guide -> Caldera, Guild of Mages",,,
"Walk/Fly -> Caldera, Guild of Mages",,,
"Door -> West Gash Region, [-1,2]",,,
"Walk/Fly -> Caldera, [-2,2]",,,
"Door -> Caldera, Governor's Hall",,,
"Walk/Fly -> Caldera, Governor's Hall",,,
"Caldera, Governor's Hall",odral helvi,"Hand in Sealed Orders, get Caldera Spy, get contracts from Elmussa, lie that she escaped (+10HH rep), get Erroneous Documents",hh_helvi_2_get
"Recall -> Balmora, Guild of Mages",,,
"Walk/Fly -> Balmora, Guild of Mages",,,
"Guild Guide -> Vivec, Guild of Mages",,,
"Almsivi Intervention -> Vivec, Temple, [4,-13]",,,
"Walk/Fly -> Vivec, Temple, [4,-14]",,,
"Door -> Vivec, Palace of Vivec",,,
"Walk/Fly -> Vivec, Palace of Vivec",,,
"Vivec, Palace of Vivec",vivec_god,"Do the Vivec pilgrimages (Floating Moon, Drowning, give Vivec 100 drakes)",tt_7graces_vivec
"Almsivi Intervention -> Vivec, Temple, [4,-13]",,,
"Walk/Fly -> Vivec, Temple, [3,-13]",,,
"Travel -> Vivec, [2,-10]",,,
"Walk/Fly -> Vivec, Hlaalu, [2,-11]",,,
"Door -> Vivec, Hlaalu Plaza",,,
"Walk/Fly -> Vivec, Hlaalu Plaza",,,
"Door -> Vivec, Curio Manor",,,
"Walk/Fly -> Vivec, Curio Manor",,,
"Vivec, Curio Manor",crassius curio,Report documents to Curio,hh_helvi_2_do
"Walk/Fly -> Vivec, Curio Manor",,,
"Door -> Vivec, Hlaalu Plaza",,,
"Walk/Fly -> Vivec, Hlaalu Plaza",,,
"Door -> Vivec, Elven Nations Cornerclub",,,
"Walk/Fly -> Vivec, Elven Nations Cornerclub",,,
"Vivec, Elven Nations Cornerclub",feruren oran,Taunt and kill Feruren Oran (MT initiation),mt_kill_feruren_oran
"Walk/Fly -> Vivec, Elven Nations Cornerclub",,,
"Door -> Vivec, Hlaalu Waistworks",,,
"Walk/Fly -> Vivec, Hlaalu Waistworks",,,
"Door -> Vivec, Hlaalu Treasury",,,
"Walk/Fly -> Vivec, Hlaalu Treasury",,,
"Door -> Vivec, Hlaalu Vaults",,,
"Walk/Fly -> Vivec, Hlaalu Vaults",,,
"Vivec, Hlaalu Vaults",baren alen,Buy deed from Baren,hh_stronghold_deed
"Vivec, Hlaalu Vaults",baren alen,Get a deed copy from Baren Alen in the Treasury,hh_helvi_2_do_2
"Divine Intervention -> Ebonheart, [1,-13]",,,
"Walk/Fly -> Ebonheart, [1,-13]",,,
"Door -> Ebonheart, Imperial Chapels",,,
"Walk/Fly -> Ebonheart, Imperial Chapels",,,
"Ebonheart, Imperial Chapels",iulus truptor,"Join the Imperial Cult, do Fundraising (keep telling we've doubled the goal, need about 2200 gold + brandy and shirt), get 50 IC rep",ic_iulus
"Divine Intervention -> Ebonheart, [1,-13]",,,
"Walk/Fly -> Ebonheart, [1,-13]",,,
"Door -> Ebonheart, Imperial Chapels",,,
"Walk/Fly -> Ebonheart, Imperial Chapels",,,
"Ebonheart, Imperial Chapels",Lalatia Varian,"Hand in the Ring/Boots, get Ice Blade",ic_lalatia_1
"Recall -> Balmora, Guild of Mages",,,
"Walk/Fly -> Balmora, Guild of Mages",,,
"Guild Guide -> Caldera, Guild of Mages",,,
"Walk/Fly -> Caldera, Guild of Mages",,,
"Door -> West Gash Region, [-1,2]",,,
"Walk/Fly -> Caldera, [-2,2]",,,
"Door -> Caldera, Governor's Hall",,,
"Walk/Fly -> Caldera, Governor's Hall",,,
"Caldera, Governor's Hall",odral helvi,"Hand in Documents, get and pay rent/taxes, get Ebony Smuggling",hh_helvi_3_get
"Almsivi Intervention -> Ald-ruhn, [-2,6]",,,
"Walk/Fly -> Ald-ruhn, [-2,6]",,,
"Door -> Ald-ruhn, Bevene Releth: Clothier",,,
"Walk/Fly -> Ald-ruhn, Bevene Releth: Clothier",,,
"Door -> Ashlands Region, [-1,6]",,,
"Walk/Fly -> Ald-ruhn, [-2,7]",,,
"Door -> Ald-ruhn, Manor District",,,
"Walk/Fly -> Ald-ruhn, Manor District",,,
"Door -> Ald-ruhn, Bivale Teneran: Clothier",,,
"Walk/Fly -> Ald-ruhn, Bivale Teneran: Clothier",,,
"Ald-ruhn, Bivale Teneran: Clothier",bivale teneran,Do Bivale's Orders quest,hh_nileno_5_do
"Recall -> Balmora, Guild of Mages",,,
"Walk/Fly -> Balmora, Guild of Mages",,,
"Door -> West Gash Region, [-2,-1]",,,
"Walk/Fly -> Balmora, [-4,-2]",,,
"Door -> Balmora, Hlaalu Council Manor",,,
"Walk/Fly -> Balmora, Hlaalu Council Manor",,,
"Balmora, Hlaalu Council Manor",nileno dorvayn,"Hand in Bivale, get and hand in Hlaalo murder",hh_nileno_6
"Walk/Fly -> Balmora, Hlaalu Council Manor",,,
"Balmora, Hlaalu Council Manor",dondos driler,Start Stronghold,hh_stronghold_1_get
"Recall -> Balmora, Guild of Mages",,,
"Walk/Fly -> Balmora, Guild of Mages",,,
"Guild Guide -> Vivec, Guild of Mages",,,
"Walk/Fly -> Vivec, Guild of Mages",,,
"Door -> Vivec, Foreign Quarter Plaza",,,
"Walk/Fly -> Vivec, Foreign Quarter Plaza",,,
"Door -> Vivec, [3,-9]",,,
"Walk/Fly -> Vivec, Hlaalu, [2,-11]",,,
"Door -> Vivec, Hlaalu Plaza",,,
"Walk/Fly -> Vivec, Hlaalu Plaza",,,
"Door -> Vivec, Curio Manor",,,
"Walk/Fly -> Vivec, Curio Manor",,,
"Vivec, Curio Manor",crassius curio,"Report ebony to Curio, get him to send you to Segunivus",hh_helvi_3_do
"Divine Intervention -> Ebonheart, [1,-13]",,,
"Walk/Fly -> Ebonheart, [1,-13]",,,
"Door -> Ebonheart, Grand Council Chambers",,,
"Walk/Fly -> Ebonheart, Grand Council Chambers",,,
"Ebonheart, Grand Council Chambers",vedam dren,Get Vedam to give permission to build stronghold,hh_stronghold_1_do
"Divine Intervention -> Ebonheart, [1,-13]",,,
"Walk/Fly -> Ebonheart, [1,-13]",,,
"Door -> Ebonheart, Grand Council Chambers",,,
"Walk/Fly -> Ebonheart, Grand Council Chambers",,,
"Door -> Ebonheart, Imperial Commission",,,
"Walk/Fly -> Ebonheart, Imperial Commission",,,
"Door -> Ebonheart, Underground Caves",,,
"Walk/Fly -> Ebonheart, Underground Caves",,,
"Ebonheart, Underground Caves",Furius Acilius,"Kill Furius, get Lord's Mail",il_lord_mail
"Divine Intervention -> Ebonheart, [1,-13]",,,
"Walk/Fly -> Ebonheart, [1,-13]",,,
"Door -> Ebonheart, Grand Council Chambers",,,
"Walk/Fly -> Ebonheart, Grand Council Chambers",,,
"Door -> Ascadian Isles Region, [1,-12]",,,
"Walk/Fly -> Ebonheart, [1,-13]",,,
"Door -> Ebonheart, Hawkmoth Towers",,,
"Walk/Fly -> Ebonheart, Hawkmoth Towers",,,
"Door -> Ascadian Isles Region, [1,-12]",,,
"Walk/Fly -> Ebonheart, [1,-13]",,,
"Door -> Ebonheart, Hawkmoth Legion Garrison",,,
"Walk/Fly -> Ebonheart, Hawkmoth Legion Garrison",,,
"Ebonheart, Hawkmoth Legion Garrison",Frald the White,Get the Courtesy quest,il_frald_1_get
"Walk/Fly -> Ebonheart, Hawkmoth Legion Garrison",,,
"Door -> Ascadian Isles Region, [1,-12]",,,
"Walk/Fly -> Ebonheart, [2,-13]",,,
"Travel -> Sadrith Mora, [17,4]",,,
"Walk/Fly -> Sadrith Mora, [17,4]",,,
"Travel -> Dagon Fel, [7,22]",,,
"Walk/Fly -> Dagon Fel, [7,22]",,,
"Door -> Dagon Fel, Vacant Tower",,,
"Walk/Fly -> Dagon Fel, Vacant Tower",,,
"Dagon Fel, Vacant Tower",Khargol gro-Boguk,Get alternative copy of the plans from the Vacant Tower,mg_edwinna_scarab_plans
"Walk/Fly -> Dagon Fel, Vacant Tower",,,
"Door -> Dagon Fel, [7,22]",,,
"Walk/Fly -> Sheogorad, [8,22]",,,
"Door -> Dagon Fel, Sorkvild's Tower",,,
"Walk/Fly -> Dagon Fel, Sorkvild's Tower",,,
"Door -> Dagon Fel, Sorkvild's Tower",,,
"Walk/Fly -> Dagon Fel, Sorkvild's Tower",,,
"Dagon Fel, Sorkvild's Tower",sorkvild the raven,Kill Sorkvild,il_sorkvild
"Walk/Fly -> Dagon Fel, Sorkvild's Tower",,,
"Door -> Dagon Fel, Sorkvild's Tower",,,
"Walk/Fly -> Dagon Fel, Sorkvild's Tower",,,
"Door -> Sheogorad, [8,22]",,,
"Walk/Fly -> Rotheran, [6,18]",,,
"Door -> Rotheran, Arena",,,
"Walk/Fly -> Rotheran, Arena",,,
"Rotheran, Arena",adusamsi assurnarairan,"Kill Llaren Terano, get Blade and Adusamsi's robe/ring, give it to Adusamsi",ic_adusamsi
"Almsivi Intervention -> Ald-ruhn, [-2,6]",,,
"Walk/Fly -> Ghostgate, [2,4]",,,
"Door -> Ghostgate, Tower of Dusk",,,
"Walk/Fly -> Ghostgate, Tower of Dusk",,,
"Door -> Ghostgate, Temple",,,
"Walk/Fly -> Ghostgate, Temple",,,
"Ghostgate, Temple",uvoo llaren,Do Ghostgate pilgrimage (sacrifice one of the soulgems we stole from Galbedir),tt_7graces_gg
"Walk/Fly -> Ghostgate, Temple",,,
"Door -> Ghostgate, Tower of Dusk",,,
"Walk/Fly -> Ghostgate, Tower of Dusk",,,
"Door -> Ghostgate, Tower of Dusk Lower Level",,,
"Walk/Fly -> Ghostgate, Tower of Dusk Lower Level",,,
"Ghostgate, Tower of Dusk Lower Level",salyn sarethi,Speak with Salyn for a riddle duel (need Int 50),il_frald_1_do
"Recall -> Balmora, Guild of Mages",,,
"Walk/Fly -> Balmora, Guild of Mages",,,
"Door -> West Gash Region, [-2,-1]",,,
"Walk/Fly -> Balmora, [-4,-2]",,,
"Door -> Balmora, Hlaalu Council Manor",,,
"Walk/Fly -> Balmora, Hlaalu Council Manor",,,
"Balmora, Hlaalu Council Manor",dondos driler,Start stronghold construction and wait about 5 days,hh_stronghold_2_get
"Recall -> Balmora, Guild of Mages",,,
"Walk/Fly -> Balmora, Guild of Mages",,,
"Guild Guide -> Sadrith Mora, Wolverine Hall: Mage's Guild",,,
"Divine Intervention -> Wolverine Hall, [18,3]",,,
"Walk/Fly -> Azura's Coast Region, [16,2]",,,
Door -> Abanabi,,,
Walk/Fly -> Abanabi,,,
Abanabi,draramu hloran,"Kill Draramu, get Chrysamere",il_chrysamere
"Almsivi Intervention -> Molag Mar, [13,-8]",,,
"Walk/Fly -> Molag Mar, [13,-8]",,,
"Travel -> Bitter Coast Region, [-5,-4]",,,
"Walk/Fly -> Ashurnibibi, [-7,-4]",,,
"Door -> Ashurnibibi, Shrine",,,
"Walk/Fly -> Ashurnibibi, Shrine",,,
"Ashurnibibi, Shrine",joncis dalomax,Kill cultists and talk to Joncis to rescue him,il_joncis_dalomax
"Walk/Fly -> Ashurnibibi, Shrine",,,
"Door -> Bitter Coast Region, [-6,-3]",,,
"Walk/Fly -> Bitter Coast Region, [-8,-2]",,,
"Door -> Ashalmimilkala, Shrine",,,
"Walk/Fly -> Ashalmimilkala, Shrine",,,
"Ashalmimilkala, Shrine",meryaran,"Kill Carecalmo and Meryaran, get Scroll for later IC quest",mt_ashalmimilkala
"Recall -> Balmora, Guild of Mages",,,
"Walk/Fly -> Balmora, Guild of Mages",,,
"Guild Guide -> Sadrith Mora, Wolverine Hall: Mage's Guild",,,
"Almsivi Intervention -> Molag Mar, [13,-8]",,,
"Walk/Fly -> Mount Kand, [11,-5]",,,
"Door -> Mount Kand, Cavern",,,
"Walk/Fly -> Mount Kand, Cavern",,,
"Mount Kand, Cavern",atronach_storm_ttmk,Do the Mount Kand pilgrimage (Lead -> Sword -> Orc),tt_mount_kand
"Walk/Fly -> Mount Kand, Cavern",,,
"Door -> Molag Mar Region, [11,-4]",,,
"Walk/Fly -> Nchuleftingth, [10,-3]",,,
"Door -> Nchuleftingth, Upper Levels",,,
"Walk/Fly -> Nchuleftingth, Upper Levels",,,
"Door -> Nchuleftingth, Test of Pattern",,,
"Walk/Fly -> Nchuleftingth, Test of Pattern",,,
"Door -> Nchuleftingth, Lower Levels",,,
"Walk/Fly -> Nchuleftingth, Lower Levels",,,
"Nchuleftingth, Lower Levels",anes vendu,Investigate the archaeologist's body,mg_edwinna_nchuleftingth
"Walk/Fly -> Nchuleftingth, Lower Levels",,,
"Door -> Nchuleftingth, Test of Pattern",,,
"Walk/Fly -> Nchuleftingth, Test of Pattern",,,
"Door -> Nchuleftingth, Upper Levels",,,
"Walk/Fly -> Nchuleftingth, Upper Levels",,,
"Door -> Molag Mar Region, [10,-2]",,,
"Walk/Fly -> Molag Mar Region, [10,-1]",,,
"Door -> Shashurari Camp, Zennammu's Yurt",,,
"Walk/Fly -> Shashurari Camp, Zennammu's Yurt",,,
"Shashurari Camp, Zennammu's Yurt",jocien ancois,"Kill Mabrigash holding Jocien hostage, free him",il_radd_1_do
"Walk/Fly -> Shashurari Camp, Zennammu's Yurt",,,
"Door -> Molag Mar Region, [10,0]",,,
"Walk/Fly -> Molag Mar Region, [8,0]",,,
"Door -> Galom Daeus, Entry",,,
"Walk/Fly -> Galom Daeus, Entry",,,
"Door -> Galom Daeus, Observatory",,,
"Walk/Fly -> Galom Daeus, Observatory",,,
"Galom Daeus, Observatory",raxle berne,Kill Raxle Berne,tt_kill_raxle_berne
"Almsivi Intervention -> Molag Mar, [13,-8]",,,
"Walk/Fly -> Azura's Coast Region, [15,-10]",,,
Door -> Mawia,,,
Walk/Fly -> Mawia,,,
Mawia,delvam andarys,Kill Delvam Andarys in Mawia,tt_mawia
"Almsivi Intervention -> Molag Mar, [13,-8]",,,
"Walk/Fly -> Molag Mar, [13,-8]",,,
"Door -> Molag Mar, Temple",,,
"Walk/Fly -> Molag Mar, Temple",,,
"Molag Mar, Temple",tharer rotheloth,Get and hand in all Tharer Rotheloth quests,tt_tharer_1
"Almsivi Intervention -> Molag Mar, [13,-8]",,,
"Walk/Fly -> Molag Mar, [13,-8]",,,
"Travel -> Bitter Coast Region, [-5,-4]",,,
"Walk/Fly -> Odai Plateau, [-5,-5]",,,
Door -> Rethan Manor,,,
Walk/Fly -> Rethan Manor,,,
"Door -> Ascadian Isles Region, [-4,-4]",,,
"Walk/Fly -> Odai Plateau, [-5,-5]",,,
"Odai Plateau, [-5,-5]",durbul gro-rush,"Talk to Durbul about the Stronghold progress, report to Dondos and wait more",hh_stronghold_2_do
"Divine Intervention -> Moonmoth Legion Fort, [-1,-3]",,,
"Walk/Fly -> Moonmoth Legion Fort, [-1,-3]",,,
"Door -> Moonmoth Legion Fort, Interior",,,
"Walk/Fly -> Moonmoth Legion Fort, Interior",,,
"Moonmoth Legion Fort, Interior",radd hard-heart,"Hand in Jocien, get and hand in Dandsa (she's dead), get and hand in Netch and Sorkvild",il_radd_2
"Recall -> Balmora, Guild of Mages",,,
"Walk/Fly -> Balmora, Guild of Mages",,,
"Guild Guide -> Ald-ruhn, Guild of Mages",,,
"Walk/Fly -> Ald-ruhn, Guild of Mages",,,
"Ald-ruhn, Guild of Mages",edwinna elbert,"Hand in the Dwemer Schematics quests to Edwinna, get advanced to Wizard",mg_edwinna_2
"Almsivi Intervention -> Ald-ruhn, [-2,6]",,,
"Walk/Fly -> Ald-ruhn, [-2,6]",,,
"Door -> Ald-ruhn, Temple",,,
"Walk/Fly -> Ald-ruhn, Temple",,,
"Ald-ruhn, Temple",tuls valen,"Get and hand in Compassion (make sure to keep the Cure Blight potion for extra Temple rep), get False Incarnate quest",tt_tuls_1_get
"Divine Intervention -> Buckmoth Legion Fort, [-2,5]",,,
"Walk/Fly -> Buckmoth Legion Fort, [-2,5]",,,
"Door -> Buckmoth Legion Fort, Interior",,,
"Walk/Fly -> Buckmoth Legion Fort, Interior",,,
"Buckmoth Legion Fort, Interior",segunivus mantedius,Report Helvi to Segunivus,hh_helvi_3_do_report
"Walk/Fly -> Buckmoth Legion Fort, Interior",,,
"Buckmoth Legion Fort, Interior",imsin the dreamer,"Get and report Drinar quest, then get and report Joncis, get and report Maiden's Token",il_imsin_1
"Recall -> Balmora, Guild of Mages",,,
"Walk/Fly -> Balmora, Guild of Mages",,,
"Guild Guide -> Vivec, Guild of Mages",,,
"Walk/Fly -> Vivec, Guild of Mages",,,
"Door -> Vivec, Foreign Quarter Plaza",,,
"Walk/Fly -> Vivec, Foreign Quarter Plaza",,,
"Door -> Vivec, [3,-9]",,,
"Walk/Fly -> Vivec, Hlaalu, [2,-11]",,,
"Door -> Vivec, Hlaalu Plaza",,,
"Walk/Fly -> Vivec, Hlaalu Plaza",,,
"Door -> Vivec, Curio Manor",,,
"Walk/Fly -> Vivec, Curio Manor",,,
"Vivec, Curio Manor",crassius curio,"Report Helvi being reported, report stronghold first phase done, get promoted to House Father",hh_crassius_2
"Almsivi Intervention -> Vivec, Temple, [4,-13]",,,
"Walk/Fly -> Vivec, Temple, [4,-13]",,,
"Door -> Vivec, High Fane",,,
"Walk/Fly -> Vivec, High Fane",,,
"Vivec, High Fane",endryn llethan,Get Tanusea Veloth quest,tt_endryn_1_get
"Divine Intervention -> Ebonheart, [1,-13]",,,
"Walk/Fly -> Ebonheart, [1,-13]",,,
"Door -> Ebonheart, Grand Council Chambers",,,
"Walk/Fly -> Ebonheart, Grand Council Chambers",,,
"Door -> Ascadian Isles Region, [1,-12]",,,
"Walk/Fly -> Ebonheart, [1,-13]",,,
"Door -> Ebonheart, Hawkmoth Towers",,,
"Walk/Fly -> Ebonheart, Hawkmoth Towers",,,
"Door -> Ascadian Isles Region, [1,-12]",,,
"Walk/Fly -> Ebonheart, [1,-13]",,,
"Door -> Ebonheart, Hawkmoth Legion Garrison",,,
"Walk/Fly -> Ebonheart, Hawkmoth Legion Garrison",,,
"Ebonheart, Hawkmoth Legion Garrison",Frald the White,Hand in the Courtesy quest,il_frald_1_end
"Divine Intervention -> Ebonheart, [1,-13]",,,
"Walk/Fly -> Bitter Coast Region, [0,-11]",,,
Door -> Assemanu,,,
Walk/Fly -> Assemanu,,,
"Door -> Assemanu, Shrine",,,
"Walk/Fly -> Assemanu, Shrine",,,
"Assemanu, Shrine",dagoth_hlevul,Get Robe from the chest above Dagoth Hlevul,hh_roris
"Recall -> Balmora, Guild of Mages",,,
"Walk/Fly -> Balmora, Guild of Mages",,,
"Guild Guide -> Sadrith Mora, Wolverine Hall: Mage's Guild",,,
"Almsivi Intervention -> Molag Mar, [13,-8]",,,
"Walk/Fly -> Molag Mar, [13,-8]",,,
"Travel -> Azura's Coast Region, [14,-12]",,,
"Walk/Fly -> Tel Branora, [14,-13]",,,
"Travel -> Sadrith Mora, [17,4]",,,
"Walk/Fly -> Sadrith Mora, [17,4]",,,
"Travel -> Dagon Fel, [7,22]",,,
"Walk/Fly -> Sheogorad, [5,21]",,,
"Sheogorad, [5,21]",active_dae_malacath_df,Place 4 Daedra hearts at the shrine,tt_saryoni_fourcorners_1_do
"Walk/Fly -> Sanctus Shrine, [1,21]",,,
Door -> Llirala's Shack,,,
Walk/Fly -> Llirala's Shack,,,
Llirala's Shack,llirala sendas,Set a Mark at the Sanctus Shrine,tt_set_sanctus_mark
"Divine Intervention -> Gnisis, [-10,11]",,,
"Almsivi Intervention -> Gnisis, [-11,11]",,,
"Walk/Fly -> Gnisis, [-11,10]",,,
"Travel -> Ascadian Isles Region, [-1,-8]",,,
"Divine Intervention -> Pelagiad, [0,-7]",,,
"Walk/Fly -> Pelagiad, [0,-7]",,,
"Door -> Pelagiad, Halfway Tavern",,,
"Walk/Fly -> Pelagiad, Halfway Tavern",,,
"Pelagiad, Halfway Tavern",hrordis,"Taunt and kill Hrordis, get Sanguine belt",mt_pelagiad_belt
"Divine Intervention -> Pelagiad, [0,-7]",,,
"Walk/Fly -> Dren Plantation, [2,-7]",,,
"Door -> Dren Plantation, Dren's Villa",,,
"Walk/Fly -> Dren Plantation, Dren's Villa",,,
"Dren Plantation, Dren's Villa",Orvas Dren Druglord,Kill Orvas Dren,hh_orvas
"Almsivi Intervention -> Vivec, Temple, [4,-13]",,,
"Divine Intervention -> Ebonheart, [1,-13]",,,
"Walk/Fly -> Ebonheart, [1,-13]",,,
"Door -> Ebonheart, Grand Council Chambers",,,
"Walk/Fly -> Ebonheart, Grand Council Chambers",,,
"Ebonheart, Grand Council Chambers",vedam dren,"Talk to Vedam Dren about promotion to Grandmaster, get Control the Ordinators quest",hh_vedam_1_get
"Almsivi Intervention -> Vivec, Temple, [4,-13]",,,
"Walk/Fly -> Vivec, Temple, [4,-13]",,,
"Door -> Vivec, High Fane",,,
"Walk/Fly -> Vivec, High Fane",,,
"Vivec, High Fane",tholer saryoni,Get Four Corners 2 (Ald Sotha),tt_saryoni_fourcorners_2
"Almsivi Intervention -> Vivec, Temple, [4,-13]",,,
"Walk/Fly -> Vivec, Temple, [3,-13]",,,
"Travel -> Vivec, [5,-10]",,,
"Walk/Fly -> Ald Sotha, [6,-9]",,,
"Door -> Ald Sotha, Upper Level",,,
"Walk/Fly -> Ald Sotha, Upper Level",,,
"Door -> Ald Sotha, Lower Level",,,
"Walk/Fly -> Ald Sotha, Lower Level",,,
"Door -> Ald Sotha, Shrine",,,
"Walk/Fly -> Ald Sotha, Shrine",,,
"Ald Sotha, Shrine",llandrale varam,"Kill Severa Magia and Llandrale Varam (future MT quest), get Sanguine items and Shoes of Rilms",tt_clear_ald_sotha
"Walk/Fly -> Ald Sotha, Shrine",,,
"Ald Sotha, Shrine",active_dae_mehrunes_as,Pray at the Mehrunes Statue,tt_saryoni_fourcorners_2_do
"Almsivi Intervention -> Vivec, Temple, [4,-13]",,,
"Walk/Fly -> Vivec, Temple, [4,-13]",,,
"Door -> Vivec, High Fane",,,
"Walk/Fly -> Vivec, High Fane",,,
"Vivec, High Fane",tholer saryoni,Get Four Corners 3 (Bal Ur),tt_saryoni_fourcorners_3
Recall -> Llirala's Shack,,,
"Divine Intervention -> Gnisis, [-10,11]",,,
"Almsivi Intervention -> Gnisis, [-11,11]",,,
"Walk/Fly -> Gnisis, [-11,11]",,,
"Door -> Gnisis, Madach Tradehouse",,,
"Walk/Fly -> Gnisis, Madach Tradehouse",,,
"Gnisis, Madach Tradehouse",general darius,"Hand in Taxman, get and do the Talos Cult quests",il_darius_3_end
"Almsivi Intervention -> Gnisis, [-11,11]",,,
"Walk/Fly -> Gnisis, [-11,10]",,,
"Travel -> Ascadian Isles Region, [-1,-8]",,,
"Walk/Fly -> Seyda Neen, [-2,-9]",,,
"Travel -> Bal Ur, [6,-5]",,,
"Walk/Fly -> Suran, [6,-7]",,,
"Suran, [6,-7]",elvil vidron,Convince the False Incarnate to stop,tt_tuls_1_do
"Walk/Fly -> Bal Ur, [6,-5]",,,
"Door -> Bal Ur, Shrine",,,
"Walk/Fly -> Bal Ur, Shrine",,,
"Door -> Bal Ur, Underground",,,
"Walk/Fly -> Bal Ur, Underground",,,
"Bal Ur, Underground",active_dae_molagbal2,Pray at the Molag Bal statue,tt_saryoni_fourcorners_3_do
"Divine Intervention -> Pelagiad, [0,-7]",,,
"Almsivi Intervention -> Vivec, Temple, [4,-13]",,,
"Walk/Fly -> Vivec, Temple, [4,-13]",,,
"Door -> Vivec, High Fane",,,
"Walk/Fly -> Vivec, High Fane",,,
"Vivec, High Fane",tholer saryoni,Get Four Corners 4 (Ald Daedroth),tt_saryoni_fourcorners_4
"Almsivi Intervention -> Vivec, Temple, [4,-13]",,,
"Walk/Fly -> Vivec, St. Delyn, [3,-12]",,,
"Door -> Vivec, St. Delyn Underworks",,,
"Walk/Fly -> Vivec, St. Delyn Underworks",,,
"Door -> Vivec, St. Delyn Canalworks",,,
"Walk/Fly -> Vivec, St. Delyn Canalworks",,,
"Door -> Vivec, St. Delyn Waistworks",,,
"Walk/Fly -> Vivec, St. Delyn Waistworks",,,
"Door -> Vivec, The Abbey of St. Delyn the Wise",,,
"Walk/Fly -> Vivec, The Abbey of St. Delyn the Wise",,,
"Vivec, The Abbey of St. Delyn the Wise",ernse llervu,Train Blunt x20 (up to 90),training_ernse
"Walk/Fly -> Vivec, The Abbey of St. Delyn the Wise",,,
"Door -> Vivec, St. Delyn Plaza",,,
"Walk/Fly -> Vivec, St. Delyn Plaza",,,
"Door -> Vivec, Redoran, [3,-11]",,,
"Walk/Fly -> Vivec, Redoran, [3,-11]",,,
"Door -> Vivec, Redoran Plaza",,,
"Walk/Fly -> Vivec, Redoran Plaza",,,
"Door -> Vivec, Saren Manor",,,
"Walk/Fly -> Vivec, Saren Manor",,,
"Vivec, Saren Manor",toris saren,Taunt and kill Toris Saren (MT first contract),mt_kill_toris_saren
"Walk/Fly -> Vivec, Saren Manor",,,
"Door -> Vivec, Redoran Plaza",,,
"Walk/Fly -> Vivec, Redoran Plaza",,,
"Door -> Vivec, Foreign Quarter, [3,-10]",,,
"Walk/Fly -> Vivec, Arena, [4,-11]",,,
"Door -> Vivec, Arena Underworks",,,
"Walk/Fly -> Vivec, Arena Underworks",,,
"Door -> Vivec, Arena Canalworks",,,
"Walk/Fly -> Vivec, Arena Canalworks",,,
"Door -> Vivec, Arena Storage",,,
"Walk/Fly -> Vivec, Arena Storage",,,
"Door -> Vivec, Arena Hidden Area",,,
"Walk/Fly -> Vivec, Arena Hidden Area",,,
"Vivec, Arena Hidden Area",eno hlaalu,Join MT and keep handing in quests until Miun Gei,mt_join_and_advance
"Almsivi Intervention -> Vivec, Temple, [4,-13]",,,
"Walk/Fly -> Vivec, Temple, [4,-13]",,,
"Door -> Vivec, High Fane",,,
"Walk/Fly -> Vivec, High Fane",,,
"Vivec, High Fane",tholer saryoni,"Talk to Saryoni about controlling the Ordinators, bribe him with the Roris robe",hh_vedam_1_do
"Divine Intervention -> Ebonheart, [1,-13]",,,
"Walk/Fly -> Ebonheart, [1,-13]",,,
"Door -> Ebonheart, Grand Council Chambers",,,
"Walk/Fly -> Ebonheart, Grand Council Chambers",,,
"Ebonheart, Grand Council Chambers",Varus Vatinius,"Get promoted to Knight Protector, get and hand in Lord's Mail/Chrysamere, challenge Vatinius to a duel",il_master_duel
"Divine Intervention -> Ebonheart, [1,-13]",,,
"Walk/Fly -> Ebonheart, [1,-13]",,,
"Door -> Ebonheart, Imperial Chapels",,,
"Walk/Fly -> Ebonheart, Imperial Chapels",,,
"Ebonheart, Imperial Chapels",Lalatia Varian,"Hand in the Ice Blade and other Oracle artifacts, get promoted to Primate",ic_master
"Divine Intervention -> Ebonheart, [1,-13]",,,
"Walk/Fly -> Ebonheart, [1,-13]",,,
"Door -> Ebonheart, Grand Council Chambers",,,
"Walk/Fly -> Ebonheart, Grand Council Chambers",,,
"Ebonheart, Grand Council Chambers",vedam dren,"Talk to Vedam Dren, hand in Ordinators, get and hand in Orvas, become Grandmaster",hh_master
Recall -> Llirala's Shack,,,
"Almsivi Intervention -> Ald-ruhn, [-2,6]",,,
"Walk/Fly -> Ald-ruhn, [-2,6]",,,
"Door -> Ald-ruhn, Temple",,,
"Walk/Fly -> Ald-ruhn, Temple",,,
"Ald-ruhn, Temple",tuls valen,Get Maar Gan Pilgrimage quest,tt_tuls_1_end_2_get
Recall -> Llirala's Shack,,,
"Divine Intervention -> Gnisis, [-10,11]",,,
"Almsivi Intervention -> Gnisis, [-11,11]",,,
"Walk/Fly -> Gnisis, [-11,10]",,,
"Travel -> Ashlands Region, [-2,12]",,,
"Walk/Fly -> Maar Gan, [-3,12]",,,
"Door -> Maar Gan, Shrine",,,
"Walk/Fly -> Maar Gan, Shrine",,,
"Maar Gan, Shrine",dremora_ttmg,Taunt the Dremora and then pray at the rock,tt_tuls_2_do
"Almsivi Intervention -> Ald-ruhn, [-2,6]",,,
"Walk/Fly -> Ald-ruhn, [-2,6]",,,
"Door -> Ald-ruhn, Temple",,,
"Walk/Fly -> Ald-ruhn, Temple",,,
"Ald-ruhn, Temple",tuls valen,Hand in the Maar Gan Pilgrimage quest,tt_tuls_2_end
Recall -> Llirala's Shack,,,
"Divine Intervention -> Gnisis, [-10,11]",,,
"Almsivi Intervention -> Gnisis, [-11,11]",,,
"Walk/Fly -> Gnisis, [-11,10]",,,
"Travel -> West Gash Region, [-8,16]",,,
"Walk/Fly -> Khuul, [-9,17]",,,
"Travel -> Dagon Fel, [7,22]",,,
"Walk/Fly -> Ald Daedroth, [11,20]",,,
"Door -> Ald Daedroth, Outer Shrine",,,
"Walk/Fly -> Ald Daedroth, Outer Shrine",,,
"Door -> Ald Daedroth, Inner Shrine",,,
"Walk/Fly -> Ald Daedroth, Inner Shrine",,,
"Ald Daedroth, Inner Shrine",active_dae_sheogorath_ad,"Get Gambolpuddy from the top of the Antechamber, donate at the Inner Shrine",tt_saryoni_fourcorners_4_do
"Divine Intervention -> Wolverine Hall, [18,3]",,,
"Almsivi Intervention -> Molag Mar, [13,-8]",,,
"Walk/Fly -> Mount Assarnibibi, [14,-4]",,,
"Mount Assarnibibi, [14,-4]",ac_shrine_assarnibibi,Get Ebony Mail from the Assarnibibi shrine,tt_assarnibibi
"Divine Intervention -> Wolverine Hall, [18,3]",,,
"Walk/Fly -> Wolverine Hall, [18,3]",,,
"Door -> Sadrith Mora, Wolverine Hall: Fighter's Guild",,,
"Walk/Fly -> Sadrith Mora, Wolverine Hall: Fighter's Guild",,,
"Sadrith Mora, Wolverine Hall: Fighter's Guild",hrundi,Get Hrundi to work with the Thieves Guild,tg_jim_4_end
"Divine Intervention -> Wolverine Hall, [18,3]",,,
"Walk/Fly -> Wolverine Hall, [18,3]",,,
"Door -> Sadrith Mora, Wolverine Hall: Imperial Shrine",,,
"Walk/Fly -> Sadrith Mora, Wolverine Hall: Imperial Shrine",,,
"Door -> Sadrith Mora, Wolverine Hall",,,
"Walk/Fly -> Sadrith Mora, Wolverine Hall",,,
"Door -> Sadrith Mora, Wolverine Hall: Mage's Guild",,,
"Walk/Fly -> Sadrith Mora, Wolverine Hall: Mage's Guild",,,
"Guild Guide -> Vivec, Guild of Mages",,,
"Walk/Fly -> Vivec, Guild of Mages",,,
"Vivec, Guild of Mages",trebonius artorius,"Go to Trebonius, should get the Arch-Mage topic. Challenge him to a duel.",mg_master_duel
"Walk/Fly -> Vivec, Guild of Mages",,,
"Door -> Vivec, Foreign Quarter Plaza",,,
"Walk/Fly -> Vivec, Foreign Quarter Plaza",,,
"Vivec, Foreign Quarter Plaza",tsrazami,Convince Tsrazami to talk to Eno,mt_eno_1
"Walk/Fly -> Vivec, Foreign Quarter Plaza",,,
"Door -> Vivec, [3,-9]",,,
"Walk/Fly -> Vivec, Foreign Quarter, [3,-10]",,,
"Door -> Vivec, Foreign Quarter Lower Waistworks",,,
"Walk/Fly -> Vivec, Foreign Quarter Lower Waistworks",,,
"Door -> Vivec, Foreign Quarter Canalworks",,,
"Walk/Fly -> Vivec, Foreign Quarter Canalworks",,,
"Door -> Vivec, Simine Fralinie: Bookseller",,,
"Walk/Fly -> Vivec, Simine Fralinie: Bookseller",,,
"Door -> Vivec, Simine Fralinie: Bookseller",,,
"Walk/Fly -> Vivec, Simine Fralinie: Bookseller",,,
"Vivec, Simine Fralinie: Bookseller",stacey,"Report Sjoring already dead to Stacey and that we're already Master of FG, get promoted",tg_master
"Walk/Fly -> Vivec, Simine Fralinie: Bookseller",,,
"Door -> Vivec, Simine Fralinie: Bookseller",,,
"Walk/Fly -> Vivec, Simine Fralinie: Bookseller",,,
"Door -> Vivec, Foreign Quarter Canalworks",,,
"Walk/Fly -> Vivec, Foreign Quarter Canalworks",,,
"Door -> Vivec, Foreign Quarter Underworks",,,
"Walk/Fly -> Vivec, Foreign Quarter Underworks",,,
"Door -> Ascadian Isles Region, [4,-9]",,,
"Walk/Fly -> Vivec, Arena, [4,-11]",,,
"Door -> Vivec, Arena Underworks",,,
"Walk/Fly -> Vivec, Arena Underworks",,,
"Door -> Vivec, Arena Canalworks",,,
"Walk/Fly -> Vivec, Arena Canalworks",,,
"Door -> Vivec, Arena Storage",,,
"Walk/Fly -> Vivec, Arena Storage",,,
"Door -> Vivec, Arena Hidden Area",,,
"Walk/Fly -> Vivec, Arena Hidden Area",,,
"Vivec, Arena Hidden Area",eno hlaalu,"Hand in Tsrazami, get and instapass remaining MT quests",mt_master
"Walk/Fly -> Vivec, Arena Hidden Area",,,
"Door -> Vivec, Arena Storage",,,
"Walk/Fly -> Vivec, Arena Storage",,,
"Door -> Vivec, Arena Canalworks",,,
"Walk/Fly -> Vivec, Arena Canalworks",,,
"Door -> Vivec, Arena Waistworks",,,
"Walk/Fly -> Vivec, Arena Waistworks",,,
"Door -> Vivec, Arena Pit",,,
"Walk/Fly -> Vivec, Arena Pit",,,
"Vivec, Arena Pit",tanusea veloth,Convince to leave town,tt_endryn_1_do
"Vivec, Arena Pit",tanusea veloth,Kill Vatinius in the Arena,il_master
"Vivec, Arena Pit",tanusea veloth,Kill Trebonius in the Arena,mg_master
"Almsivi Intervention -> Vivec, Temple, [4,-13]",,,
"Walk/Fly -> Vivec, Temple, [4,-13]",,,
"Door -> Vivec, High Fane",,,
"Walk/Fly -> Vivec, High Fane",,,
"Vivec, High Fane",endryn llethan,"Hand in Tanusea Veloth, get and do Silent Pilgrimage, go back, get promoted to Curate, hand in Shoes of Rilms, hand in Delyn cleanup",tt_endryn_1_end
"Walk/Fly -> Vivec, High Fane",,,
"Vivec, High Fane",tholer saryoni,"Get promoted to Diviner, get and hand in the Four Corners and Ebony Mail quests, become Patriarch",tt_master
